id,name,file
0,Zico,images/Zico_0003.jpg
1,Kate Starbird,images/Kate_Starbird_0001.jpg
2,Holly Hunter,images/Holly_Hunter_0001.jpg
3,Zalmay Khalilzad,images/Zalmay_Khalilzad_0001.jpg
4,Jonathan Byrd,images/Jonathan_Byrd_0001.jpg
5,David Beckham,images/David_Beckham_0017.jpg
6,Charlie Zaa,images/Charlie_Zaa_0002.jpg
7,Mark Sacco,images/Mark_Sacco_0001.jpg
8,Mike Cunning,images/Mike_Cunning_0001.jpg
9,Jesse James,images/Jesse_James_0001.jpg
10,Mary,images/Mary_Lou_Retton_0001.jpg
11,Meg Wakeman,images/Meg_Wakeman_0001.jpg
12,Irina Lobacheva,images/Irina_Lobacheva_0001.jpg
13,Jay Garner,images/Jay_Garner_0001.jpg
14,Mohammad Khatami,images/Mohammad_Khatami_0009.jpg
15,Uthai Pimchaichon,images/Uthai_Pimchaichon_0001.jpg
16,MC Hammer,images/MC_Hammer_0001.jpg
17,Rachel Roy,images/Rachel_Roy_0001.jpg
18,Joan Jett,images/Joan_Jett_0001.jpg
19,Urmila Matondkar,images/Urmila_Matondkar_0001.jpg
20,Mike Krzyzewski,images/Mike_Krzyzewski_0003.jpg
21,Rainer Schuettler,images/Rainer_Schuettler_0001.jpg
22,Alejandro Lerner,images/Alejandro_Lerner_0001.jpg
23,Erik Morales,images/Erik_Morales_0003.jpg
24,Mehmet,images/Mehmet_Ali_Sahin_0001.jpg
25,Armando Carrillo,images/Armando_Carrillo_0001.jpg
26,Tracy Wyle,images/Tracy_Wyle_0001.jpg
27,Lemuel Montulo,images/Lemuel_Montulo_0001.jpg
28,Jimmy Szymanski,images/Jimmy_Szymanski_0001.jpg
29,Bridgette Wilson-Sampras,images/Bridgette_Wilson-Sampras_0003.jpg
30,Mia Mottley,images/Mia_Mottley_0001.jpg
31,Lynn Abraham,images/Lynn_Abraham_0001.jpg
32,Rene,images/Rene_Antonio_Leon_Rodriguez_0001.jpg
33,Geraldine Chaplin,images/Geraldine_Chaplin_0004.jpg
34,Nancy Reagan,images/Nancy_Reagan_0001.jpg
35,Mark Geragos,images/Mark_Geragos_0002.jpg
36,Olympia Dukakis,images/Olympia_Dukakis_0001.jpg
37,Giulio Andreotti,images/Giulio_Andreotti_0001.jpg
38,Takaloo,images/Takaloo_0001.jpg
39,Rohman al-Ghozi,images/Rohman_al-Ghozi_0001.jpg
40,Johnny Benson,images/Johnny_Benson_0001.jpg
41,Ernie Preate,images/Ernie_Preate_0001.jpg
42,Matthew Perry,images/Matthew_Perry_0007.jpg
43,Tom Glavine,images/Tom_Glavine_0002.jpg
44,Steven,images/Steven_Curtis_Chapman_0001.jpg
45,Bob Eskridge,images/Bob_Eskridge_0001.jpg
46,Natalia Verbeke,images/Natalia_Verbeke_0001.jpg
47,Carolina Kluft,images/Carolina_Kluft_0002.jpg
48,Val Ackerman,images/Val_Ackerman_0001.jpg
49,Rita Grande,images/Rita_Grande_0001.jpg
50,Elisabeth Schumacher,images/Elisabeth_Schumacher_0002.jpg
51,Vaclav Havel,images/Vaclav_Havel_0004.jpg
52,Kevin Costner,images/Kevin_Costner_0008.jpg
53,Gerry Parsky,images/Gerry_Parsky_0002.jpg
54,Noel Niell,images/Noel_Niell_0001.jpg
55,John Gordnick,images/John_Gordnick_0001.jpg
56,Kenneth Branagh,images/Kenneth_Branagh_0001.jpg
57,Dolly Parton,images/Dolly_Parton_0002.jpg
58,Dwayne Johnson,images/Dwayne_Johnson_0002.jpg
59,Manfred Stolpe,images/Manfred_Stolpe_0002.jpg
60,Princess Diana,images/Princess_Diana_0001.jpg
61,Tim Norbeck,images/Tim_Norbeck_0001.jpg
62,Ellen Barkin,images/Ellen_Barkin_0001.jpg
63,Jose Sarney,images/Jose_Sarney_0001.jpg
64,Margie Puente,images/Margie_Puente_0001.jpg
65,Dick Jauron,images/Dick_Jauron_0001.jpg
66,Mohammad Aktar,images/Mohammad_Aktar_0001.jpg
67,Eric Shinseki,images/Eric_Shinseki_0001.jpg
68,Aline Chretien,images/Aline_Chretien_0001.jpg
69,Pernilla Bjorn,images/Pernilla_Bjorn_0001.jpg
70,Dario Camuffo,images/Dario_Camuffo_0001.jpg
71,Eladio Larez,images/Eladio_Larez_0001.jpg
72,Reggie Lewis,images/Reggie_Lewis_0001.jpg
73,Jorge Quiroga,images/Jorge_Quiroga_0001.jpg
74,Ontario Lett,images/Ontario_Lett_0001.jpg
75,Carly Fiorina,images/Carly_Fiorina_0003.jpg
76,William,images/William_Ford_Jr_0007.jpg
77,Susan Collins,images/Susan_Collins_0001.jpg
78,Naomi Campbell,images/Naomi_Campbell_0002.jpg
79,Nicklas Lidstrom,images/Nicklas_Lidstrom_0001.jpg
80,Adam Mair,images/Adam_Mair_0001.jpg
81,Alanis Morissette,images/Alanis_Morissette_0001.jpg
82,Yukio Hatoyama,images/Yukio_Hatoyama_0001.jpg
83,Laura Romero,images/Laura_Romero_0001.jpg
84,Lawrence MacAulay,images/Lawrence_MacAulay_0001.jpg
85,Desiree Lemosi,images/Desiree_Lemosi_0002.jpg
86,Ray Bradbury,images/Ray_Bradbury_0001.jpg
87,Sereyvuth Kem,images/Sereyvuth_Kem_0001.jpg
88,Hermes Gamonal,images/Hermes_Gamonal_0001.jpg
89,Tara VanDerveer,images/Tara_VanDerveer_0001.jpg
90,Carolina Moraes,images/Carolina_Moraes_0002.jpg
91,Ozzie Smith,images/Ozzie_Smith_0001.jpg
92,Jeffrey,images/Jeffrey_Scott_Postell_0002.jpg
93,Juergen Peters,images/Juergen_Peters_0001.jpg
94,Stella Keitel,images/Stella_Keitel_0001.jpg
95,Teri ORourke,images/Teri_ORourke_0001.jpg
96,Winston Churchill,images/Winston_Churchill_0001.jpg
97,Jimmy Gurule,images/Jimmy_Gurule_0001.jpg
98,Jiang Zemin,images/Jiang_Zemin_0014.jpg
99,Francois Botha,images/Francois_Botha_0001.jpg
100,Carlo Munoz,images/carlo_munoz.jpeg
